[
  {
    "id": "b7e2dd8b-529f-479a-99d1-9b167402fb4c",
    "title": "Zwischenzeit 1 - Singularitäten",
    "subtilte":"",
    "date": "2019",
    "isbn": "",
    "publisher": "Blurb Verlag",
    "nationallibrary": "",
    "url": "",
    "description": "Bildband im Hochformat 15×23 cm. Auf  84 Seiten finden sich 68 schwarzweiß Streetfotografien, Eigenverlag, weitere Infos im Shop.",
    "shortnote": "",
    "publicationType":"11f51946-81ce-4aa4-8229-8d64687f4e08",
    "artworks":[],
    "awards":["2bb1a2b3-7cc3-4532-8441-59af2949bb1f"],
    "sales":["5a0e6a91-31ce-4ec9-be16-6f5086edade1"]
  },
  {
    "id": "c2125aea-567f-450c-8e10-39f5f3f1114b",
    "title": "Augenblicke.Wortlos",
    "subtilte":"",
    "date": "2020",
    "isbn": "978-3-753163-62-8, 978-3-752969-83-2",
    "publisher": "ePubli Verlag",
    "nationallibrary": "",
    "url": "",
    "description": "Aus dem Vorwort: Es ist unmöglich, das Leben und die Persönlichkeit eines Menschen in ihren unendlich vielen Facetten in einer Niederschrift festzuhalten. Warum ich es dennoch versuche? Weil mich meine Frau sehr beeindruckt hat und ich ihr damit vielleicht ein kleines, bescheidenes Denkmal setzen kann. Weil ich nicht will, dass sie vergessen wird. Ich habe es ihr versprochen. Es ist ein Stück Erinnerung für mich... Dieses Buch enthält unter anderem Auszüge des von mir geführten Tagebuchs, und einige Abbildungen. Es skizziert die Vorgeschichte seit der Diagnose und beschreibt detailliert die letzten Tage. Das Kapitel Gedankensplitter enthält Einträge aus meinem Weblog, in dem ich etwas über mein Leben nach ihrem Tod schreibe. Der Anhang enthält Danksagungen, und die offizielle Trauerrede.",
    "shortnote": "Sprache: Deutsch, Abbildungen: 44, farbig, Altersempfehlung: Erwachsene (18+ Jahre) (1 - 99) - Hardcover Format: DIN A5 hoch, Seiten: 384 Seiten, Papiertyp: 170 g/m² weiß, matt, Inhaltsdruck: farbig, Erscheinungsdatum: 2021-02-15 - eBook: Seiten: 282 Normseiten, Erscheinungsdatum: 2020-06-29, Seiten: 282 Normseiten.",
    "publicationType":"11f51946-81ce-4aa4-8229-8d64687f4e08",
    "artworks":[],
    "awards":[],
    "sales":[]
  },
  {
    "id": "be3bec24-59fd-4573-88a6-e2d13fdb8854",
    "title": "Gezeitenströme",
    "subtilte":"",
    "date": "2019",
    "isbn": "978-3-750261-04-4",
    "publisher": "ePubli Verlag",
    "nationallibrary": "",
    "url": "https://carsten-nichte.de/shop/artikel/buch/gezeitenstroeme/",
    "description": "Die Gezeitenströme sind ein unmittelbares Ergebnis meiner Trauerverarbeitung. Ich habe auch früher öfter mal etwas notiert, aber am intensivsten war das in der Zeit als Claudia von uns ging. Das Buch enthält  18 von mir verfasste Texte, Gedanken, Gedichte und Geschichten, und 16 Fotografien über das Leben, Sterben, Suchen und Finden.",
    "shortnote": "Sprache: Deutsch, Format: DIN A5 hoch, Seiten: 50, Inhalt: 18 Texte, 16 Fotografien, Papiertyp: 170 g/m² weiß, matt, Inhaltsdruck: schwarz/weiß, 5 Farbseiten, Altersempfehlung: Erwachsene (18+ Jahre) (1 - 99), Erscheinungsdatum: 08.12.2019",
    "publicationType":"11f51946-81ce-4aa4-8229-8d64687f4e08",
    "artworks":[],
    "awards":[],
    "sales":[]
  },
  {
    "id": "f9a2d546-223f-48fc-872d-3d38728cb498",
    "title": "Fotografische Bildgestaltung",
    "subtilte":"",
    "date": "2019",
    "isbn": "978-3-86490-502-5",
    "publisher": "dPunkt Verlag",
    "nationallibrary": "",
    "url": "",
    "description": "Das Handbuch für Starke Bilder von Frank Dürrach. In diesem tollen Lehrbuch von Frank Dürrach bin ich mit mehreren Bildern vertreten.",
    "shortnote": "Seiten: 15,35,41,47,60,122,160,197,216,270,272.",
    "publicationType":"624c4c8a-c2de-4c6f-b164-11e49e97df8f",
    "artworks":[],
    "awards":[],
    "sales":[]
  },
  {
    "id": "cbc6884e-e2dd-42f2-87dd-68147bc3e022",
    "title": "Die Anstalt",
    "subtilte":"",
    "date": "2019",
    "isbn": "",
    "publisher": "Blurb Verlag",
    "nationallibrary": "",
    "url": "",
    "description": "Die Anstalt berührt auf vielschichtige Art und Weise die Erfahrung des Autors mit den Auswirkungen von Depressionen. Im Rahmen der Diplomarbeit, Eigenverlag, Deutscher Fotobuchpreis 19/20 in Bronze, weitere Infos im Shop.",
    "shortnote": "Bildband im Querformat 33×28 cm. Auf 52 Seiten finden sich 30 Fotografien. Querformat: 33×28 cm, 1,8 cm dick, 52 Seiten mit 30 Fotografien, Digitaldruck, Papier: 190g / qm, ProLine Perlglanz (Seidenmatt), Vorsatzpapier: ProLine, schwarz, Leineneinband, schwarz",
    "publicationType":"11f51946-81ce-4aa4-8229-8d64687f4e08",
    "artworks":[],
    "awards":[],
    "sales":[]
  },
  {
    "id": "35a01a98-7cd0-4874-b46c-4e44eb74f9f4",
    "title": "Anderland — Edition Blurb",
    "date": "2016",
    "isbn": "",
    "publisher": "Blurb Verlag",
    "nationallibrary": "",
    "url": "",
    "description": "Werkschau 2010 — 2016, Eigenverlag, weitere Infos im Blog, im Shop.",
    "shortnote": "",
    "publicationType":"11f51946-81ce-4aa4-8229-8d64687f4e08",
    "artworks":["46796e5c-756e-4908-b56f-89c4ce08bdd3","e5d9b0d2-b0c9-4318-b60c-83bf2eae20b3"],
    "awards":["5c89a88a-be7b-4c4f-a9b3-86ab7ed0c6ac"],
    "sales":[]
  },
  {
    "id": "90c66b27-8600-487a-9d00-6771606ef10d",
    "title": "Anderland — Edition Concept",
    "subtilte":"",
    "date": "2023",
    "isbn": "",
    "publisher": "Noch keinen",
    "nationallibrary": "",
    "url": "",
    "description": "Neuauflage. Komplette inhaltiche Neuausrichtung, und Neugestaltung des Ursprungskonzeptes von 2016. Das ist bisher nur ein Dummy. Ich hab noch keine Idee wie ich das für mich finanzierbar umsetzen soll.",
    "shortnote": "",
    "publicationType":"11f51946-81ce-4aa4-8229-8d64687f4e08",
    "artworks":[],
    "awards":[],
    "sales":[]
  },
  {
    "id": "6d57b39c-e1a9-43d8-93df-c6c280cd3a85",
    "title": "Fotografisch Gesehen",
    "subtilte":"",
    "date": "2010",
    "isbn": "",
    "publisher": "Blurb Verlag",
    "nationallibrary": "",
    "url": "",
    "description": "",
    "shortnote": "",
    "publicationType":"11f51946-81ce-4aa4-8229-8d64687f4e08",
    "artworks":[],
    "awards":[],
    "sales":[]
  },
  {
    "id": "a728f351-ff95-4037-b89b-5aa82d782691",
    "title": "Zwischenzeit 2 - Normalität",
    "subtilte":"",
    "date": "2023",
    "isbn": "",
    "publisher": "Blurb Verlag",
    "nationallibrary": "",
    "url": "",
    "description": "",
    "shortnote": "",
    "publicationType":"11f51946-81ce-4aa4-8229-8d64687f4e08",
    "artworks":[],
    "awards":[],
    "sales":[]
  },
  {
    "id": "3e9b3ac3-32e1-4152-9813-338b23ab3a5b",
    "title": "Call IT Corona",
    "subtilte":"",
    "date": "2023",
    "isbn": "",
    "publisher": "Verlag",
    "nationallibrary": "",
    "url": "",
    "description": "Ein Buchprojekt - 50 Fotograf:innen - 50 Perspektiven",
    "shortnote": "Seiten: ",
    "publicationType":"624c4c8a-c2de-4c6f-b164-11e49e97df8f",
    "artworks":[],
    "awards":[],
    "sales":[]
  },
  {
    "id": "04428965-9ba9-4e3c-9e52-744e5444b343",
    "title": "Ballons",
    "subtilte":"",
    "date": "2020",
    "isbn": "978-1-71-531995-3",
    "publisher": "Blurb Verlag",
    "nationallibrary": "",
    "url": "9781715319953",
    "description": "Ballons, ein Kornfeld und Andrea. Zusammen ergibt das ein kleines Buch über Träume und das Leben an sich.",
    "shortnote": "Bildband im Hochformat 15×23 cm. Auf  24 Seiten finden sich 11 farbige Fotografien. Hochformat: 15×23 cm, xx cm dick, 24 Seiten mit 11 Fotografien, Digitaldruck, Papier: 105 g/qm, weiß, ungestrichen, Vorsatzpapier: weiß, Hardcover mit Schutzumschlag - Leineneinband mit vollfarbigem Schutzumschlag und Klappen, Erscheinungsdatum: 2020.",
    "publicationType":"11f51946-81ce-4aa4-8229-8d64687f4e08",
    "artworks":[],
    "awards":[],
    "sales":[]
  },
  {
    "id": "42d19ea8-e384-475d-a5c3-11503b36d175",
    "title": "Echokammer",
    "subtilte":"",
    "date": "2023",
    "isbn": "",
    "publisher": "Blurb Verlag",
    "nationallibrary": "",
    "url": "9781715319953",
    "description": "Echo Chamber is my approach to the subject of depression. The work tries to describe how I perceive my everyday life in a severe phase of depression.",
    "shortnote": "",
    "publicationType":"11f51946-81ce-4aa4-8229-8d64687f4e08",
    "artworks":[],
    "awards":[],
    "sales":[]
  }
]
