[
  {
    "id":"a2d3e10e-931c-426f-802c-223de6524348",
    "title": "Rheine Träume",

    "date_vernissage": "20.05.2020 18:00",
    "date_finissage": "31.05.2020",
    "description": "Zum fünften mal veranstalten Freelens-Fotografen aus der Regionalgruppe Rheinland im Kunsthaus Rhenania in Köln eine Gemeinschafts-Ausstellung parallel zur Photokina in Köln. Unter dem Titel  „R(h)eine Träume die fünfte!“ werden im Mai 2020 rund 20 Foto-Professionals ihre persönliche Sicht auf die Welt ausstellen. Diesmal bin ich auch dabei",
    "url":"",
    "shortnote": "Entfällt wegen Covid-19 Epidemie — Bleibt gesund! ",

    "exhibitionType":"",
    "location":""
  },
  {
    "id":"4bfe288d-97e3-4eea-8358-40a9602f899e",
    "title": "Willkommen im Wach - Ausstellungseröffnung / Diplomfeier",

    "date_vernissage": "15. Juni 2019",
    "date_finissage": "",
    "description": "Die Absolventen zeigen 65 großformatige Arbeiten an den Wänden, die Diplomarbeiten in einer Diashow und dazu ihre Portfolios als Mappenschau. Und natürlich gibt es Musik und Getränke. Mit Anja Grauenhorst, Carsten Nichte, Chantal Wolf, Daniela Hoffmann, Georg Schnock, Katharina Rösch, Lenny Lavrut, Marvin Ruppert, Monika Lusnia, Nicolas Kischnick, Nora Hase, Saskia Barzanow, Sebastian Bänsch. ",
    "url":"",
    "shortnote": "Entfällt wegen Covid-19 Epidemie — Bleibt gesund! ",

    "exhibitionType":"",
    "location":""
  },
  {
    "id":"ec6567dd-6fa0-4c79-a3a1-f24cff91dffe",
    "title": "Fotografie trifft auf Skulptur",

    "date_vernissage": "2012",
    "date_finissage": "2012",
    "description": "Mit Helmut Brands / Brandswerk in Altenberg. Im Blog gibt es ein paar Artikel dazu:",
    "url":"",
    "shortnote": "Artikel als Attachment?",

    "exhibitionType":"",
    "location":""
  },
  {
    "id":"3bb14cd3-eacb-4957-aac4-31ffaab1d2be",
    "title": "Das Bildnis",

    "date_vernissage": "2011",
    "date_finissage": "2011",
    "description": "Skulptur und Fotografie mit Tanja Lehmann in Altenberg. Dazu habe ich einen kleinen Artikel im Blog verfasst.",
    "url":"",
    "shortnote": "Artikel als Attachment?",

    "exhibitionType":"",
    "location":""
  }
]
